1	acl-permissions-inheritance	0	43	Mon Jun 15 14:24:55 UTC 2026
1	analyze-access-logs	0	54	Mon Jun 15 14:25:49 UTC 2026
1	assign-seats	1	51	Mon Jun 15 14:26:40 UTC 2026
1	attention-mil	0	78	Mon Jun 15 14:27:58 UTC 2026
1	build-pmars	0	118	Mon Jun 15 14:29:56 UTC 2026
1	break-filter-js-from-html	1	67	Mon Jun 15 14:31:03 UTC 2026
1	broken-python	0	67	Mon Jun 15 14:32:10 UTC 2026
1	broken-networking	1	85	Mon Jun 15 14:33:35 UTC 2026
1	build-stp	0	178	Mon Jun 15 14:36:33 UTC 2026
1	build-cython-ext	1	357	Mon Jun 15 14:42:30 UTC 2026
1	qemu-startup	1	458	Mon Jun 15 14:50:08 UTC 2026
1	extract-moves-from-video	1	49	Mon Jun 15 14:50:57 UTC 2026
1	install-windows-3.11	1	559	Mon Jun 15 15:00:16 UTC 2026
1	video-processing	1	138	Mon Jun 15 15:02:35 UTC 2026
